cycle_id,label,image,h,disk,pl,workload,c,rr,runtime_s,rps,ttft_mean,tpot_mean,latency_mean,gpu_block,ext_block,gpu_tok,ext_tok,compute_tok,overall_tok,g2c_GB,c2g_GB,bench_log_path,status
t1-01-baseline-default,baseline+default,acc47dd9ee34,,,,generate_multi_turn_longbench.json,64,0.5,174,10.62,1213,58.5,4080,3.01,41.62,6.6,38.9,54.5,45.5,4578,3248,/results/t1-01-baseline-default/bench.log,OK
t1-02-baseline-pl100,baseline+pl100,acc47dd9ee34,,,100,generate_multi_turn_longbench.json,64,0.5,171,10.83,1091,58.7,3965,3.62,43.16,7.7,39.8,52.5,47.5,4422,3342,/results/t1-02-baseline-pl100/bench.log,OK
t1-03-tunable-h075-pl1,tunable h=0.75 pl=1,8d2360fb4879,0.75,0.25,1,generate_multi_turn_longbench.json,64,0.5,136,13.25,890,41.1,2908,9.44,56.60,14.6,48.3,37.0,63.0,3036,3934,/results/t1-03-tunable-h075-pl1/bench.log,OK
t1-04-tunable-h075-pl100,tunable h=0.75 pl=100,8d2360fb4879,0.75,0.25,100,generate_multi_turn_longbench.json,64,0.5,93,20.23,269,19.5,1223,44.01,80.39,60.1,32.1,7.8,92.2,686,2725,/results/t1-04-tunable-h075-pl100/bench.log,OK
t1-05-tunable-h1-pl1,tunable h=1.0 pl=1,8d2360fb4879,1.0,0.25,1,generate_multi_turn_longbench.json,64,0.5,135,13.81,815,37.8,2669,9.44,61.25,13.4,53.1,33.6,66.4,2861,4489,/results/t1-05-tunable-h1-pl1/bench.log,OK
t1-06-tunable-h1-pl100,tunable h=1.0 pl=100,8d2360fb4879,1.0,0.25,100,generate_multi_turn_longbench.json,64,0.5,86,20.74,230,19.0,1161,38.97,83.18,59.8,33.4,6.8,93.2,568,2706,/results/t1-06-tunable-h1-pl100/bench.log,OK
t2-baseline-c8,baseline c=8,acc47dd9ee34,,,,generate_multi_turn_longbench.json,8,0.5,912,2.59,271,16.4,1076,79.18,9.57,79.2,2.0,18.8,81.2,2036,213,/results/t2-baseline-c8/bench.log,OK
t2-best-c8,best c=8,8d2360fb4879,1.0,0.25,100,generate_multi_turn_longbench.json,8,0.5,886,2.70,127,16.8,951,90.11,47.50,90.1,4.7,5.2,94.8,588,507,/results/t2-best-c8/bench.log,OK
t2-baseline-c16,baseline c=16,acc47dd9ee34,,,,generate_multi_turn_longbench.json,16,0.5,464,4.93,436,17.2,1280,54.25,29.26,54.3,13.4,32.4,67.6,3372,1383,/results/t2-baseline-c16/bench.log,OK
t2-best-c16,best c=16,8d2360fb4879,1.0,0.25,100,generate_multi_turn_longbench.json,16,0.5,416,5.49,131,16.9,961,89.65,47.62,89.7,4.9,5.4,94.6,584,507,/results/t2-best-c16/bench.log,OK
t2-baseline-c32,baseline c=32,acc47dd9ee34,,,,generate_multi_turn_longbench.json,32,0.5,255,8.27,628,24.6,1832,24.57,45.33,24.6,34.2,41.2,58.8,3966,3268,/results/t2-baseline-c32/bench.log,OK
t2-best-c32,best c=32,8d2360fb4879,1.0,0.25,100,generate_multi_turn_longbench.json,32,0.5,196,10.68,141,17.2,983,88.48,49.17,88.5,5.7,5.9,94.1,578,536,/results/t2-best-c32/bench.log,OK
t2-baseline-c64,baseline c=64,acc47dd9ee34,,,,generate_multi_turn_longbench.json,64,0.5,168,10.65,1190,58.7,4066,3.99,42.02,6.3,39.4,54.4,45.6,4430,3196,/results/t2-baseline-c64/bench.log,OK
t2-best-c64,best c=64,8d2360fb4879,1.0,0.25,100,generate_multi_turn_longbench.json,64,0.5,89,20.85,220,18.8,1139,44.78,82.76,62.0,31.5,6.6,93.4,570,2632,/results/t2-best-c64/bench.log,OK
t2-baseline-c96,baseline c=96,acc47dd9ee34,,,,generate_multi_turn_longbench.json,96,0.5,177,9.58,4022,79.7,7920,0.12,35.83,0.0,35.8,64.1,35.9,4961,2760,/results/t2-baseline-c96/bench.log,OK
t2-best-c96,best c=96,8d2360fb4879,1.0,0.25,100,generate_multi_turn_longbench.json,96,0.5,61,28.03,426,22.1,1506,7.51,90.89,22.6,70.4,7.1,92.9,565,5441,/results/t2-best-c96/bench.log,OK
t2-baseline-c128,baseline c=128,acc47dd9ee34,,,,generate_multi_turn_longbench.json,128,0.5,196,8.78,8140,88.2,12463,0.20,26.91,0.0,26.9,73.1,26.9,5674,2082,/results/t2-baseline-c128/bench.log,OK
t2-best-c128,best c=128,8d2360fb4879,1.0,0.25,100,generate_multi_turn_longbench.json,128,0.5,50,32.49,847,24.8,2066,1.11,92.29,3.8,88.8,7.4,92.6,562,6505,/results/t2-best-c128/bench.log,OK
t2-baseline-c192,baseline c=192,acc47dd9ee34,,,,generate_multi_turn_longbench.json,192,0.5,0,0.00,0,0.0,0,0.00,0.00,0.0,0.0,0.0,0.0,0,0,/results/t2-baseline-c192/bench.log,OK
t2-best-c192,best c=192,8d2360fb4879,1.0,0.25,100,generate_multi_turn_longbench.json,192,0.5,0,0.00,0,0.0,0,0.00,0.00,0.0,0.0,0.0,0.0,0,0,/results/t2-best-c192/bench.log,OK
t3-h0.75-pl10,tunable h=0.75 pl=10,8d2360fb4879,0.75,0.25,10,generate_multi_turn_longbench.json,64,0.5,94,18.53,369,23.7,1530,30.64,74.10,48.4,38.3,13.4,86.6,1080,3031,/results/t3-h0.75-pl10/bench.log,OK
t3-h1.0-pl10,tunable h=1.0 pl=10,8d2360fb4879,1.0,0.25,10,generate_multi_turn_longbench.json,64,0.5,84,20.41,228,19.1,1162,42.23,81.80,61.7,31.3,7.0,93.0,565,2452,/results/t3-h1.0-pl10/bench.log,OK
t3-h1.25-pl1,tunable h=1.25 pl=1,8d2360fb4879,1.25,0.25,1,generate_multi_turn_longbench.json,64,0.5,0,0.00,0,0.0,0,0.00,0.00,0.0,0.0,0.0,0.0,0,0,/results/t3-h1.25-pl1/bench.log,FAIL_NOREADY
t3-h1.25-pl10,tunable h=1.25 pl=10,8d2360fb4879,1.25,0.25,10,generate_multi_turn_longbench.json,64,0.5,0,0.00,0,0.0,0,0.00,0.00,0.0,0.0,0.0,0.0,0,0,/results/t3-h1.25-pl10/bench.log,FAIL_NOREADY
t3-h1.25-pl100,tunable h=1.25 pl=100,8d2360fb4879,1.25,0.25,100,generate_multi_turn_longbench.json,64,0.5,0,0.00,0,0.0,0,0.00,0.00,0.0,0.0,0.0,0.0,0,0,/results/t3-h1.25-pl100/bench.log,FAIL_NOREADY
t4-baseline-prefix5000,baseline prefix=5000,acc47dd9ee34,,0.25,,cfg_prefix_5000.json,64,0.5,0,0.00,0,0.0,0,0.00,0.00,0.0,0.0,0.0,0.0,0,0,/results/t4-baseline-prefix5000/bench.log,FAIL_NOREADY
t4-best-prefix5000,best prefix=5000,8d2360fb4879,1.0,0.25,100,cfg_prefix_5000.json,64,0.5,149,21.89,91,17.7,956,89.45,42.90,89.5,4.5,6.0,94.0,378,256,/results/t4-best-prefix5000/bench.log,OK
t4-baseline-prefix25000,baseline prefix=25000,acc47dd9ee34,,0.25,,cfg_prefix_25000.json,64,0.5,0,0.00,0,0.0,0,0.00,0.00,0.0,0.0,0.0,0.0,0,0,/results/t4-baseline-prefix25000/bench.log,FAIL_NOREADY
t4-best-prefix25000,best prefix=25000,8d2360fb4879,1.0,0.25,100,cfg_prefix_25000.json,64,0.5,72,17.51,605,22.6,1708,4.21,91.43,16.7,76.2,7.1,92.9,674,7040,/results/t4-best-prefix25000/bench.log,OK
t5-02-tunable-h075-pl1,lmbench h=0.75 pl=1,8d2360fb4879,0.75,0.25,1,lmbench,64,0.5,0,0.00,0,0.0,0,3.16,49.23,16.0,41.8,42.2,57.8,742,726,/results/t5-02-tunable-h075-pl1/bench.log,OK
t5-03-tunable-h1-pl1,lmbench h=1.0 pl=1,8d2360fb4879,1.0,0.25,1,lmbench,64,0.5,0,0.00,0,0.0,0,2.54,50.37,15.5,42.5,42.0,58.0,762,764,/results/t5-03-tunable-h1-pl1/bench.log,OK
t5-04-tunable-h1-pl100,lmbench h=1.0 pl=100,8d2360fb4879,1.0,0.25,100,lmbench,64,0.5,0,0.00,0,0.0,0,3.03,79.97,18.6,65.2,16.2,83.8,419,1633,/results/t5-04-tunable-h1-pl100/bench.log,OK
t6-baseline-rr0.1,baseline rr=0.1,acc47dd9ee34,,,,generate_multi_turn_longbench.json,64,0.1,331,5.64,813,23.7,1974,9.58,38.38,12.5,33.6,53.9,46.1,4575,2836,/results/t6-baseline-rr0.1/bench.log,OK
t6-best-rr0.1,best rr=0.1,8d2360fb4879,1.0,0.25,100,generate_multi_turn_longbench.json,64,0.1,296,6.14,187,17.8,1057,54.32,78.51,69.0,24.3,6.7,93.3,569,2000,/results/t6-best-rr0.1/bench.log,OK
t6-baseline-rr1.0,baseline rr=1.0,acc47dd9ee34,,,,generate_multi_turn_longbench.json,64,1.0,177,10.78,1448,70.3,4895,2.18,42.81,3.5,41.3,55.2,44.8,4784,3565,/results/t6-baseline-rr1.0/bench.log,OK
t6-best-rr1.0,best rr=1.0,8d2360fb4879,1.0,0.25,100,generate_multi_turn_longbench.json,64,1.0,67,28.03,277,20.6,1285,26.61,86.43,52.6,40.9,6.4,93.6,571,3500,/results/t6-best-rr1.0/bench.log,OK
t4-baseline-prefix5000_RETRY,baseline prefix=5000,acc47dd9ee34,,,,cfg_prefix_5000.json,64,0.5,165,19.56,241,22.0,1318,40.07,37.19,40.1,22.3,37.6,62.4,2152,1252,/results/t4-baseline-prefix5000_RETRY/bench.log,OK_RETRY
t4-baseline-prefix25000_RETRY,baseline prefix=25000,acc47dd9ee34,,,,cfg_prefix_25000.json,64,0.5,240,5.22,6527,74.6,10170,0.01,33.74,0.1,33.7,66.2,33.8,6144,3121,/results/t4-baseline-prefix25000_RETRY/bench.log,OK_RETRY
t5-01-baseline_RETRY,lmbench baseline,acc47dd9ee34,,,,lmbench,64,0.5,0,0.00,0,0.0,0,6.26,40.35,13.9,34.8,51.3,48.7,829,571,/results/t5-01-baseline_RETRY/bench.log,OK_RETRY
t2-baseline-c192_RETRY,baseline c=192,acc47dd9ee34,,,,longbench_nc200.json,192,0.5,0,0.00,0,0.0,0,0.00,0.00,0.0,0.0,0.0,0.0,0,0,/results/t2-baseline-c192_RETRY/bench.log,OK_RETRY
t2-best-c192_RETRY,best c=192,8d2360fb4879,1.0,0.25,100,longbench_nc200.json,192,0.5,0,0.00,0,0.0,0,0.00,0.00,0.0,0.0,0.0,0.0,0,0,/results/t2-best-c192_RETRY/bench.log,OK_RETRY
t6-baseline-rr0.25_EXTRA,baseline rr=0.25,acc47dd9ee34,,,,generate_multi_turn_longbench.json,64,0.25,195,9.24,1024,43.3,3142,5.46,39.59,7.4,36.7,55.9,44.1,4585,2992,/results/t6-baseline-rr0.25_EXTRA/bench.log,OK_RREXTRA
t6-best-rr0.25_EXTRA,best rr=0.25,8d2360fb4879,1.0,0.25,100,generate_multi_turn_longbench.json,64,0.25,137,13.13,200,18.0,1081,52.24,79.98,66.5,26.8,6.7,93.3,568,2186,/results/t6-best-rr0.25_EXTRA/bench.log,OK_RREXTRA
t6-baseline-rr0.75_EXTRA,baseline rr=0.75,acc47dd9ee34,,,,generate_multi_turn_longbench.json,64,0.75,174,10.94,1334,64.8,4514,2.70,43.63,4.8,41.5,53.6,46.4,4637,3572,/results/t6-baseline-rr0.75_EXTRA/bench.log,OK_RREXTRA
t6-best-rr0.75_EXTRA,best rr=0.75,8d2360fb4879,1.0,0.25,100,generate_multi_turn_longbench.json,64,0.75,70,25.77,229,19.5,1183,36.66,83.47,59.3,34.0,6.7,93.3,568,2764,/results/t6-best-rr0.75_EXTRA/bench.log,OK_RREXTRA
t6-baseline-rr2.0_EXTRA,baseline rr=2.0,acc47dd9ee34,,,,generate_multi_turn_longbench.json,64,2.0,163,11.12,1833,69.0,5216,1.56,45.47,1.7,44.7,53.6,46.4,4434,3680,/results/t6-baseline-rr2.0_EXTRA/bench.log,OK_RREXTRA
t6-best-rr2.0_EXTRA,best rr=2.0,8d2360fb4879,1.0,0.25,100,generate_multi_turn_longbench.json,64,2.0,54,33.51,350,21.1,1381,17.54,88.10,44.0,49.3,6.7,93.3,569,4054,/results/t6-best-rr2.0_EXTRA/bench.log,OK_RREXTRA
t6-baseline-rr4.0_EXTRA,baseline rr=4.0,acc47dd9ee34,,,,generate_multi_turn_longbench.json,64,4.0,172,11.34,1993,68.3,5343,1.50,47.23,1.2,46.7,52.2,47.8,4621,4115,/results/t6-baseline-rr4.0_EXTRA/bench.log,OK_RREXTRA
t6-best-rr4.0_EXTRA,best rr=4.0,8d2360fb4879,1.0,0.25,100,generate_multi_turn_longbench.json,64,4.0,54,33.84,492,22.8,1609,13.07,90.18,32.4,61.0,6.6,93.4,569,5032,/results/t6-best-rr4.0_EXTRA/bench.log,OK_RREXTRA
ph3-a-pl5,tunable h=1.0 pl=5,8d2360fb4879,1.0,0.25,5,generate_multi_turn_longbench.json,64,0.5,98,18.88,369,22.5,1469,29.38,80.01,39.1,48.8,12.2,87.8,1047,4104,/results/ph3-a-pl5/bench.log,OK_PHASE3
ph3-a-pl25,tunable h=1.0 pl=25,8d2360fb4879,1.0,0.25,25,generate_multi_turn_longbench.json,64,0.5,86,20.65,226,19.1,1163,40.34,82.85,60.5,32.7,6.8,93.2,568,2642,/results/ph3-a-pl25/bench.log,OK_PHASE3
ph3-a-pl50,tunable h=1.0 pl=50,8d2360fb4879,1.0,0.25,50,generate_multi_turn_longbench.json,64,0.5,88,20.66,225,19.0,1158,40.91,83.29,60.3,33.0,6.6,93.4,569,2732,/results/ph3-a-pl50/bench.log,OK_PHASE3
ph3-b-baseline-prefix30000,baseline prefix=30000,acc47dd9ee34,,,,cfg_prefix_30000.json,64,0.5,222,3.98,9987,79.6,13877,0.00,28.77,0.0,28.8,71.2,28.8,5499,2216,/results/ph3-b-baseline-prefix30000/bench.log,OK_PHASE3
ph3-b-best-prefix30000,best prefix=30000,8d2360fb4879,1.0,0.25,100,cfg_prefix_30000.json,64,0.5,53,15.27,1092,23.6,2245,1.49,92.21,5.5,87.1,7.4,92.6,533,6198,/results/ph3-b-best-prefix30000/bench.log,OK_PHASE3
ph3-b-baseline-prefix40000,baseline prefix=40000,acc47dd9ee34,,,,cfg_prefix_40000.json,64,0.5,0,0.00,0,0.0,0,0.00,0.00,0.0,0.0,0.0,0.0,0,0,/results/ph3-b-baseline-prefix40000/bench.log,OK_PHASE3
ph3-b-best-prefix40000,best prefix=40000,8d2360fb4879,1.0,0.25,100,cfg_prefix_40000.json,64,0.5,0,0.00,0,0.0,0,0.00,0.00,0.0,0.0,0.0,0.0,0,0,/results/ph3-b-best-prefix40000/bench.log,OK_PHASE3
ph3-c-baseline-qps1,lmbench baseline QPS=1,acc47dd9ee34,,,,lmbench,64,1,0,0.00,0,0.0,0,37.05,0.30,37.0,0.2,62.8,37.2,369,1,/results/ph3-c-baseline-qps1/bench.log,OK_PHASE3
ph3-c-best-qps1,lmbench best QPS=1,8d2360fb4879,1.0,0.25,100,lmbench,64,1,0,0.00,0,0.0,0,53.82,5.83,53.8,2.7,43.5,56.5,259,16,/results/ph3-c-best-qps1/bench.log,OK_PHASE3
ph3-c-baseline-qps4,lmbench baseline QPS=4,acc47dd9ee34,,,,lmbench,64,4,0,0.00,0,0.0,0,30.06,7.20,30.3,5.1,64.6,35.4,573,45,/results/ph3-c-baseline-qps4/bench.log,OK_PHASE3
ph3-c-best-qps4,lmbench best QPS=4,8d2360fb4879,1.0,0.25,100,lmbench,64,4,0,0.00,0,0.0,0,45.38,46.39,45.4,25.3,29.3,70.7,270,229,/results/ph3-c-best-qps4/bench.log,OK_PHASE3
ph3-c-baseline-qps8,lmbench baseline QPS=8,acc47dd9ee34,,,,lmbench,64,8,0,0.00,0,0.0,0,7.14,20.66,16.4,17.3,66.3,33.7,861,223,/results/ph3-c-baseline-qps8/bench.log,OK_PHASE3
ph3-c-best-qps8,lmbench best QPS=8,8d2360fb4879,1.0,0.25,100,lmbench,64,8,0,0.00,0,0.0,0,33.14,43.89,35.9,28.0,36.1,63.9,490,377,/results/ph3-c-best-qps8/bench.log,OK_PHASE3
ph3-c-baseline-qps16,lmbench baseline QPS=16,acc47dd9ee34,,,,lmbench,64,16,0,0.00,0,0.0,0,4.96,40.01,17.2,33.1,49.7,50.3,794,531,/results/ph3-c-baseline-qps16/bench.log,OK_PHASE3
ph3-c-best-qps16,lmbench best QPS=16,8d2360fb4879,1.0,0.25,100,lmbench,64,16,0,0.00,0,0.0,0,11.55,70.87,27.2,51.6,21.2,78.8,459,1087,/results/ph3-c-best-qps16/bench.log,OK_PHASE3
ph3-c-baseline-qps32,lmbench baseline QPS=32,acc47dd9ee34,,,,lmbench,64,32,0,0.00,0,0.0,0,7.03,35.21,16.4,28.8,54.8,45.2,851,452,/results/ph3-c-baseline-qps32/bench.log,OK_PHASE3
ph3-c-best-qps32,lmbench best QPS=32,8d2360fb4879,1.0,0.25,100,lmbench,64,32,0,0.00,0,0.0,0,2.97,75.41,18.4,61.7,19.9,80.1,477,1435,/results/ph3-c-best-qps32/bench.log,OK_PHASE3
ph3-c-baseline-qps64,lmbench baseline QPS=64,acc47dd9ee34,,,,lmbench,64,64,0,0.00,0,0.0,0,5.19,36.62,14.2,31.1,54.6,45.4,847,488,/results/ph3-c-baseline-qps64/bench.log,OK_PHASE3
ph3-c-best-qps64,lmbench best QPS=64,8d2360fb4879,1.0,0.25,100,lmbench,64,64,0,0.00,0,0.0,0,3.12,68.99,19.6,55.3,25.1,74.9,562,1224,/results/ph3-c-best-qps64/bench.log,OK_PHASE3
ph4-t2-baseline-pl100-c8,baseline+pl100 c=8,acc47dd9ee34,,,100,generate_multi_turn_longbench.json,8,0.5,894,2.67,175,16.7,994,89.83,4.35,89.8,0.4,9.7,90.3,1074,48,/results/ph4-t2-baseline-pl100-c8/bench.log,OK_PHASE4
ph4-t2-treatment-default-c8,treatment-default c=8,8d2360fb4879,0.75,0.25,1,generate_multi_turn_longbench.json,8,0.5,885,2.67,167,16.8,989,86.61,33.85,86.6,4.5,8.9,91.1,972,484,/results/ph4-t2-treatment-default-c8/bench.log,OK_PHASE4
ph4-t2-baseline-pl100-c16,baseline+pl100 c=16,acc47dd9ee34,,,100,generate_multi_turn_longbench.json,16,0.5,425,5.37,189,17.0,1021,88.00,10.56,88.0,1.3,10.7,89.3,1134,131,/results/ph4-t2-baseline-pl100-c16/bench.log,OK_PHASE4
ph4-t2-treatment-default-c16,treatment-default c=16,8d2360fb4879,0.75,0.25,1,generate_multi_turn_longbench.json,16,0.5,448,5.13,303,17.4,1157,74.76,18.13,74.8,4.6,20.7,79.3,2170,475,/results/ph4-t2-treatment-default-c16/bench.log,OK_PHASE4
ph4-t2-baseline-pl100-c32,baseline+pl100 c=32,acc47dd9ee34,,,100,generate_multi_turn_longbench.json,32,0.5,224,9.74,317,19.4,1269,75.00,25.14,75.0,6.3,18.7,81.3,1867,619,/results/ph4-t2-baseline-pl100-c32/bench.log,OK_PHASE4
ph4-t2-treatment-default-c32,treatment-default c=32,8d2360fb4879,0.75,0.25,1,generate_multi_turn_longbench.json,32,0.5,239,8.98,494,21.3,1537,42.63,47.35,42.6,27.2,30.2,69.8,2951,2632,/results/ph4-t2-treatment-default-c32/bench.log,OK_PHASE4
ph4-t2-baseline-pl100-c64,baseline+pl100 c=64,acc47dd9ee34,,,100,generate_multi_turn_longbench.json,64,0.5,164,11.18,1040,56.8,3826,4.66,45.16,8.2,41.5,50.4,49.6,4210,3450,/results/ph4-t2-baseline-pl100-c64/bench.log,OK_PHASE4
ph4-t2-treatment-default-c64,treatment-default c=64,8d2360fb4879,0.75,0.25,1,generate_multi_turn_longbench.json,64,0.5,136,13.32,908,39.6,2851,11.59,56.63,15.0,48.2,36.9,63.1,3057,3965,/results/ph4-t2-treatment-default-c64/bench.log,OK_PHASE4
ph4-t2-baseline-pl100-c96,baseline+pl100 c=96,acc47dd9ee34,,,100,generate_multi_turn_longbench.json,96,0.5,175,9.99,3857,77.3,7637,0.00,37.96,0.0,38.0,62.0,38.0,4936,3007,/results/ph4-t2-baseline-pl100-c96/bench.log,OK_PHASE4
ph4-t2-treatment-default-c96,treatment-default c=96,8d2360fb4879,0.75,0.25,1,generate_multi_turn_longbench.json,96,0.5,123,13.54,2253,57.7,5078,0.00,60.38,0.0,60.4,39.6,60.4,3026,4587,/results/ph4-t2-treatment-default-c96/bench.log,OK_PHASE4
ph4-t2-baseline-pl100-c128,baseline+pl100 c=128,acc47dd9ee34,,,100,generate_multi_turn_longbench.json,128,0.5,161,9.66,7200,80.2,11134,0.00,34.07,0.0,34.1,65.9,34.1,4622,2379,/results/ph4-t2-baseline-pl100-c128/bench.log,OK_PHASE4
ph4-t2-treatment-default-c128,treatment-default c=128,8d2360fb4879,0.75,0.25,1,generate_multi_turn_longbench.json,128,0.5,135,12.29,5247,65.2,8440,0.03,53.52,0.2,53.4,46.4,53.6,3474,3978,/results/ph4-t2-treatment-default-c128/bench.log,OK_PHASE4
ph4-t4-baseline-pl100-prefix5000,baseline+pl100 prefix=5000,acc47dd9ee34,,,100,cfg_prefix_5000.json,64,0.5,149,21.51,127,18.3,1021,86.01,12.06,86.0,1.7,12.3,87.7,724,94,/results/ph4-t4-baseline-pl100-prefix5000/bench.log,OK_PHASE4
ph4-t4-treatment-default-prefix5000,treatment-default prefix=5000,8d2360fb4879,0.75,0.25,1,cfg_prefix_5000.json,64,0.5,163,20.16,198,20.6,1208,47.96,45.76,48.0,23.8,28.2,71.8,1647,1358,/results/ph4-t4-treatment-default-prefix5000/bench.log,OK_PHASE4
ph4-t4-baseline-pl100-prefix25000,baseline+pl100 prefix=25000,acc47dd9ee34,,,100,cfg_prefix_25000.json,64,0.5,241,5.12,6713,74.3,10334,0.00,32.67,0.0,32.7,67.3,32.7,6155,2979,/results/ph4-t4-baseline-pl100-prefix25000/bench.log,OK_PHASE4
ph4-t4-treatment-default-prefix25000,treatment-default prefix=25000,8d2360fb4879,0.75,0.25,1,cfg_prefix_25000.json,64,0.5,163,7.38,3647,62.7,6707,0.05,56.28,0.1,56.3,43.6,56.4,3902,5006,/results/ph4-t4-treatment-default-prefix25000/bench.log,OK_PHASE4
ph4-t4-baseline-pl100-prefix30000,baseline+pl100 prefix=30000,acc47dd9ee34,,,100,cfg_prefix_30000.json,64,0.5,201,4.37,8904,70.9,12374,0.00,36.26,0.0,36.3,63.7,36.3,4873,2767,/results/ph4-t4-baseline-pl100-prefix30000/bench.log,OK_PHASE4
ph4-t4-treatment-default-prefix30000,treatment-default prefix=30000,8d2360fb4879,0.75,0.25,1,cfg_prefix_30000.json,64,0.5,155,5.56,6649,58.7,9516,0.00,53.67,0.0,53.7,46.3,53.7,3491,4032,/results/ph4-t4-treatment-default-prefix30000/bench.log,OK_PHASE4
ph4-t6-baseline-pl100-rr0.1,baseline+pl100 rr=0.1,acc47dd9ee34,,,100,generate_multi_turn_longbench.json,64,0.1,306,5.71,692,22.8,1809,20.23,39.97,27.0,29.2,43.8,56.2,3501,2318,/results/ph4-t6-baseline-pl100-rr0.1/bench.log,OK_PHASE4
ph4-t6-treatment-default-rr0.1,treatment-default rr=0.1,8d2360fb4879,0.75,0.25,1,generate_multi_turn_longbench.json,64,0.1,296,5.86,596,19.8,1565,19.56,53.45,25.2,40.0,34.8,65.2,2767,3154,/results/ph4-t6-treatment-default-rr0.1/bench.log,OK_PHASE4
ph4-t6-baseline-pl100-rr0.25,baseline+pl100 rr=0.25,acc47dd9ee34,,,100,generate_multi_turn_longbench.json,64,0.25,193,9.61,879,40.7,2877,10.24,41.06,15.4,34.8,49.9,50.1,4206,2916,/results/ph4-t6-baseline-pl100-rr0.25/bench.log,OK_PHASE4
ph4-t6-treatment-default-rr0.25,treatment-default rr=0.25,8d2360fb4879,0.75,0.25,1,generate_multi_turn_longbench.json,64,0.25,159,10.68,737,30.1,2209,15.14,53.41,18.9,43.3,37.8,62.2,2950,3360,/results/ph4-t6-treatment-default-rr0.25/bench.log,OK_PHASE4
ph4-t6-baseline-pl100-rr0.75,baseline+pl100 rr=0.75,acc47dd9ee34,,,100,generate_multi_turn_longbench.json,64,0.75,155,11.48,1214,62.6,4278,2.77,45.47,6.6,42.5,50.9,49.1,4119,3418,/results/ph4-t6-baseline-pl100-rr0.75/bench.log,OK_PHASE4
ph4-t6-treatment-default-rr0.75,treatment-default rr=0.75,8d2360fb4879,0.75,0.25,1,generate_multi_turn_longbench.json,64,0.75,129,13.68,1007,48.2,3372,8.69,56.45,12.3,49.5,38.2,61.8,3074,3958,/results/ph4-t6-treatment-default-rr0.75/bench.log,OK_PHASE4
ph4-t6-baseline-pl100-rr1.0,baseline+pl100 rr=1.0,acc47dd9ee34,,,100,generate_multi_turn_longbench.json,64,1.0,168,11.29,1372,66.7,4639,2.20,45.55,4.3,43.6,52.1,47.9,4492,3739,/results/ph4-t6-baseline-pl100-rr1.0/bench.log,OK_PHASE4
ph4-t6-treatment-default-rr1.0,treatment-default rr=1.0,8d2360fb4879,0.75,0.25,1,generate_multi_turn_longbench.json,64,1.0,122,13.97,1027,51.8,3569,5.58,58.05,9.3,52.7,38.1,61.9,2974,4088,/results/ph4-t6-treatment-default-rr1.0/bench.log,OK_PHASE4
ph4-t6-baseline-pl100-rr2.0,baseline+pl100 rr=2.0,acc47dd9ee34,,,100,generate_multi_turn_longbench.json,64,2.0,156,11.67,1676,66.3,4927,2.14,48.19,2.8,46.8,50.3,49.7,4174,3863,/results/ph4-t6-baseline-pl100-rr2.0/bench.log,OK_PHASE4
ph4-t6-treatment-default-rr2.0,treatment-default rr=2.0,8d2360fb4879,0.75,0.25,1,generate_multi_turn_longbench.json,64,2.0,112,14.78,1224,52.7,3809,4.34,62.40,4.9,59.3,35.7,64.3,2719,4481,/results/ph4-t6-treatment-default-rr2.0/bench.log,OK_PHASE4
ph4-t6-baseline-pl100-rr4.0,baseline+pl100 rr=4.0,acc47dd9ee34,,,100,generate_multi_turn_longbench.json,64,4.0,142,12.04,1866,64.4,5021,1.72,49.75,2.4,48.6,49.0,51.0,3817,3760,/results/ph4-t6-baseline-pl100-rr4.0/bench.log,OK_PHASE4
ph4-t6-treatment-default-rr4.0,treatment-default rr=4.0,8d2360fb4879,0.75,0.25,1,generate_multi_turn_longbench.json,64,4.0,125,15.36,1341,51.2,3842,1.94,66.60,2.6,64.9,32.5,67.5,2848,5636,/results/ph4-t6-treatment-default-rr4.0/bench.log,OK_PHASE4
ph4-lm-baseline-pl100-qps1,lmbench baseline+pl100 QPS=1,acc47dd9ee34,,,100,lmbench,64,1,0,0.00,0,0.0,0,51.12,3.34,51.1,1.6,47.2,52.8,283,10,/results/ph4-lm-baseline-pl100-qps1/bench.log,OK_PHASE4
ph4-lm-treatment-default-qps1,lmbench treatment-default QPS=1,8d2360fb4879,0.75,0.25,1,lmbench,64,1,0,0.00,0,0.0,0,45.12,7.30,45.1,4.0,50.9,49.1,302,23,/results/ph4-lm-treatment-default-qps1/bench.log,OK_PHASE4
ph4-lm-baseline-pl100-qps4,lmbench baseline+pl100 QPS=4,acc47dd9ee34,,,100,lmbench,64,4,0,0.00,0,0.0,0,40.92,8.29,41.1,4.9,54.0,46.0,491,44,/results/ph4-lm-baseline-pl100-qps4/bench.log,OK_PHASE4
ph4-lm-treatment-default-qps4,lmbench treatment-default QPS=4,8d2360fb4879,0.75,0.25,1,lmbench,64,4,0,0.00,0,0.0,0,25.85,15.04,26.0,11.2,62.8,37.2,566,100,/results/ph4-lm-treatment-default-qps4/bench.log,OK_PHASE4
ph4-lm-baseline-pl100-qps8,lmbench baseline+pl100 QPS=8,acc47dd9ee34,,,100,lmbench,64,8,0,0.00,0,0.0,0,14.34,23.78,24.1,18.4,57.5,42.5,755,239,/results/ph4-lm-baseline-pl100-qps8/bench.log,OK_PHASE4
ph4-lm-treatment-default-qps8,lmbench treatment-default QPS=8,8d2360fb4879,0.75,0.25,1,lmbench,64,8,0,0.00,0,0.0,0,19.03,28.36,19.4,23.4,57.2,42.8,758,307,/results/ph4-lm-treatment-default-qps8/bench.log,OK_PHASE4
ph4-lm-baseline-pl100-qps16,lmbench baseline+pl100 QPS=16,acc47dd9ee34,,,100,lmbench,64,16,0,0.00,0,0.0,0,13.15,43.22,23.0,33.1,43.9,56.1,738,560,/results/ph4-lm-baseline-pl100-qps16/bench.log,OK_PHASE4
ph4-lm-treatment-default-qps16,lmbench treatment-default QPS=16,8d2360fb4879,0.75,0.25,1,lmbench,64,16,0,0.00,0,0.0,0,5.27,48.26,17.2,40.2,42.6,57.4,751,707,/results/ph4-lm-treatment-default-qps16/bench.log,OK_PHASE4
ph4-lm-baseline-pl100-qps32,lmbench baseline+pl100 QPS=32,acc47dd9ee34,,,100,lmbench,64,32,0,0.00,0,0.0,0,18.27,38.17,25.2,28.6,46.2,53.8,755,467,/results/ph4-lm-baseline-pl100-qps32/bench.log,OK_PHASE4
ph4-lm-treatment-default-qps32,lmbench treatment-default QPS=32,8d2360fb4879,0.75,0.25,1,lmbench,64,32,0,0.00,0,0.0,0,2.54,51.28,15.4,43.6,40.9,59.1,731,781,/results/ph4-lm-treatment-default-qps32/bench.log,OK_PHASE4
ph4-lm-baseline-pl100-qps64,lmbench baseline+pl100 QPS=64,acc47dd9ee34,,,100,lmbench,64,64,0,0.00,0,0.0,0,18.27,33.28,25.9,24.7,49.5,50.5,781,392,/results/ph4-lm-baseline-pl100-qps64/bench.log,OK_PHASE4
ph4-lm-treatment-default-qps64,lmbench treatment-default QPS=64,8d2360fb4879,0.75,0.25,1,lmbench,64,64,0,0.00,0,0.0,0,1.92,53.17,14.3,45.7,39.9,60.1,736,853,/results/ph4-lm-treatment-default-qps64/bench.log,OK_PHASE4
ph5-lm-baseline-pl100-qps1,lmbench baseline+pl100 QPS=1,acc47dd9ee34,,,100,lmbench,64,1,241,1.36,0,0.0,0,37.73,15.26,37.7,9.5,52.8,47.2,696,124,/results/ph5-lm-baseline-pl100-qps1/bench.log,OK_PH5_LM
ph5-lm-treatment-default-qps1,lmbench treatment-default QPS=1,8d2360fb4879,0.75,0.25,1,lmbench,64,1,240,1.36,0,0.0,0,31.79,55.98,31.8,38.2,30.0,70.0,398,496,/results/ph5-lm-treatment-default-qps1/bench.log,OK_PH5_LM
ph5-lm-baseline-pl100-qps4,lmbench baseline+pl100 QPS=4,acc47dd9ee34,,,100,lmbench,64,4,242,3.89,0,0.0,0,12.10,45.81,12.1,40.3,47.6,52.4,1860,1553,/results/ph5-lm-baseline-pl100-qps4/bench.log,OK_PH5_LM
ph5-lm-treatment-default-qps4,lmbench treatment-default QPS=4,8d2360fb4879,0.75,0.25,1,lmbench,64,4,241,3.90,0,0.0,0,9.26,56.75,9.3,51.5,39.2,60.8,1534,1983,/results/ph5-lm-treatment-default-qps4/bench.log,OK_PH5_LM
ph5-lm-baseline-pl100-qps8,lmbench baseline+pl100 QPS=8,acc47dd9ee34,,,100,lmbench,64,8,244,7.18,0,0.0,0,5.65,48.60,7.4,45.0,47.6,52.4,3577,3342,/results/ph5-lm-baseline-pl100-qps8/bench.log,OK_PH5_LM
ph5-lm-treatment-default-qps8,lmbench treatment-default QPS=8,8d2360fb4879,0.75,0.25,1,lmbench,64,8,242,7.24,0,0.0,0,7.30,63.65,7.3,59.0,33.7,66.3,2545,4382,/results/ph5-lm-treatment-default-qps8/bench.log,OK_PH5_LM
ph5-lm-baseline-pl100-qps16,lmbench baseline+pl100 QPS=16,acc47dd9ee34,,,100,lmbench,64,16,252,8.65,0,0.0,0,2.64,49.27,4.5,47.0,48.4,51.6,4525,4349,/results/ph5-lm-baseline-pl100-qps16/bench.log,OK_PH5_LM
ph5-lm-treatment-default-qps16,lmbench treatment-default QPS=16,8d2360fb4879,0.75,0.25,1,lmbench,64,16,246,11.51,0,0.0,0,0.46,76.25,2.5,74.4,23.2,76.8,2909,9133,/results/ph5-lm-treatment-default-qps16/bench.log,OK_PH5_LM
ph5-lm-baseline-pl100-qps32,lmbench baseline+pl100 QPS=32,acc47dd9ee34,,,100,lmbench,64,32,264,7.78,0,0.0,0,1.82,36.06,4.5,34.5,61.1,38.9,5231,2923,/results/ph5-lm-baseline-pl100-qps32/bench.log,OK_PH5_LM
ph5-lm-treatment-default-qps32,lmbench treatment-default QPS=32,8d2360fb4879,0.75,0.25,1,lmbench,64,32,255,10.98,0,0.0,0,0.21,72.25,2.2,70.6,27.1,72.9,3261,8316,/results/ph5-lm-treatment-default-qps32/bench.log,OK_PH5_LM
ph5-lm-baseline-pl100-qps64,lmbench baseline+pl100 QPS=64,acc47dd9ee34,,,100,lmbench,64,64,239,8.00,0,0.0,0,2.37,25.71,5.0,24.6,70.5,29.5,5637,1953,/results/ph5-lm-baseline-pl100-qps64/bench.log,OK_PH5_LM
ph5-lm-treatment-default-qps64,lmbench treatment-default QPS=64,8d2360fb4879,0.75,0.25,1,lmbench,64,64,239,10.41,0,0.0,0,0.22,56.26,2.4,55.2,42.4,57.6,4455,5750,/results/ph5-lm-treatment-default-qps64/bench.log,OK_PH5_LM
ph5-rep1-baseline-default-c128,rep1 baseline-default c=128,acc47dd9ee34,,,,generate_multi_turn_longbench.json,128,0.5,202,8.93,7990,87.7,12285,0.00,28.05,0.0,28.1,71.9,28.1,5839,2268,/results/ph5-rep1-baseline-default-c128/bench.log,OK_PH5
ph5-rep1-baseline-pl100-c128,rep1 baseline+pl100 c=128,acc47dd9ee34,,,100,generate_multi_turn_longbench.json,128,0.5,169,9.39,7446,82.0,11466,0.22,32.30,0.0,32.3,67.7,32.3,4857,2308,/results/ph5-rep1-baseline-pl100-c128/bench.log,OK_PH5
ph5-rep1-treatment-default-c128,rep1 treatment-default c=128,8d2360fb4879,0.75,0.25,1,generate_multi_turn_longbench.json,128,0.5,144,11.84,5429,67.4,8725,0.01,51.73,0.1,51.7,48.2,51.8,3716,3961,/results/ph5-rep1-treatment-default-c128/bench.log,OK_PH5
ph5-rep1-best-c128,rep1 best c=128,8d2360fb4879,1.0,0.25,100,generate_multi_turn_longbench.json,128,0.5,48,32.78,814,24.6,2019,1.04,92.04,4.2,88.1,7.6,92.4,561,6271,/results/ph5-rep1-best-c128/bench.log,OK_PH5
ph5-rep2-baseline-default-c128,rep2 baseline-default c=128,acc47dd9ee34,,,,generate_multi_turn_longbench.json,128,0.5,192,8.87,7947,86.8,12202,0.29,27.72,0.4,27.6,72.0,28.0,5538,2116,/results/ph5-rep2-baseline-default-c128/bench.log,OK_PH5
ph5-rep2-baseline-pl100-c128,rep2 baseline+pl100 c=128,acc47dd9ee34,,,100,generate_multi_turn_longbench.json,128,0.5,188,9.44,7447,82.4,11487,0.02,32.53,0.1,32.5,67.4,32.6,5382,2584,/results/ph5-rep2-baseline-pl100-c128/bench.log,OK_PH5
ph5-rep2-treatment-default-c128,rep2 treatment-default c=128,8d2360fb4879,0.75,0.25,1,generate_multi_turn_longbench.json,128,0.5,142,12.38,5178,64.4,8334,0.07,53.86,0.2,53.7,46.0,54.0,3653,4241,/results/ph5-rep2-treatment-default-c128/bench.log,OK_PH5
ph5-rep2-best-c128,rep2 best c=128,8d2360fb4879,1.0,0.25,100,generate_multi_turn_longbench.json,128,0.5,51,31.91,834,24.8,2048,0.88,92.34,3.4,89.2,7.4,92.6,563,6561,/results/ph5-rep2-best-c128/bench.log,OK_PH5
ph5-rep3-baseline-default-c128,rep3 baseline-default c=128,acc47dd9ee34,,,,generate_multi_turn_longbench.json,128,0.5,203,8.88,7952,87.5,12232,0.00,28.39,0.0,28.4,71.6,28.4,5831,2303,/results/ph5-rep3-baseline-default-c128/bench.log,OK_PH5
ph5-rep3-baseline-pl100-c128,rep3 baseline+pl100 c=128,acc47dd9ee34,,,100,generate_multi_turn_longbench.json,128,0.5,188,9.24,7546,83.1,11613,0.01,31.56,0.1,31.5,68.4,31.6,5342,2455,/results/ph5-rep3-baseline-pl100-c128/bench.log,OK_PH5
ph5-rep3-treatment-default-c128,rep3 treatment-default c=128,8d2360fb4879,0.75,0.25,1,generate_multi_turn_longbench.json,128,0.5,147,11.98,5335,66.6,8600,0.01,52.47,0.1,52.4,47.5,52.5,3778,4148,/results/ph5-rep3-treatment-default-c128/bench.log,OK_PH5
ph5-rep3-best-c128,rep3 best c=128,8d2360fb4879,1.0,0.25,100,generate_multi_turn_longbench.json,128,0.5,49,31.72,886,25.5,2134,0.70,91.94,3.6,88.6,7.8,92.2,560,6182,/results/ph5-rep3-best-c128/bench.log,OK_PH5
ph5-prewarm-baseline-default-cold-c64,prewarm baseline-default cold c=64,acc47dd9ee34,,,,generate_multi_turn_longbench.json,64,0.5,167,10.54,1248,59.8,4177,3.10,40.39,6.0,38.0,56.0,44.0,4504,3038,/results/ph5-prewarm-baseline-default-cold-c64/bench.log,OK_PH5
ph5-prewarm-baseline-default-warmup-c8,prewarm baseline-default warmup c=8,acc47dd9ee34,,,,generate_multi_turn_longbench.json,8,1.0,640,3.72,317,16.6,1129,75.14,7.08,75.1,1.8,23.1,76.9,2508,189,/results/ph5-prewarm-baseline-default-warmup-c8/bench.log,OK_PH5
ph5-prewarm-baseline-default-warm-c64,prewarm baseline-default WARM c=64,acc47dd9ee34,,,,generate_multi_turn_longbench.json,64,0.5,173,10.43,1215,60.5,4184,27.85,32.21,45.5,17.5,36.9,63.1,7034,3320,/results/ph5-prewarm-baseline-default-warm-c64/bench.log,OK_PH5_WARM
ph5-prewarm-best-cold-c64,prewarm best cold c=64,8d2360fb4879,1.0,0.25,100,generate_multi_turn_longbench.json,64,0.5,86,20.77,219,19.0,1150,41.64,82.15,62.2,31.1,6.8,93.2,568,2518,/results/ph5-prewarm-best-cold-c64/bench.log,OK_PH5
ph5-prewarm-best-warmup-c8,prewarm best warmup c=8,8d2360fb4879,1.0,0.25,100,generate_multi_turn_longbench.json,8,1.0,584,4.07,128,16.7,945,90.04,47.52,90.0,4.7,5.2,94.8,588,507,/results/ph5-prewarm-best-warmup-c8/bench.log,OK_PH5
ph5-prewarm-best-warm-c64,prewarm best WARM c=64,8d2360fb4879,1.0,0.25,100,generate_multi_turn_longbench.json,64,0.5,88,20.84,224,18.7,1142,65.62,86.56,77.1,19.9,3.1,96.9,623,3772,/results/ph5-prewarm-best-warm-c64/bench.log,OK_PH5_WARM
ph5-ceiling-best-c192-saturate,ceiling best c=192 (saturate),8d2360fb4879,1.0,0.25,100,generate_multi_turn_saturated.json,192,0.5,0,0.00,0,0.0,0,0.00,0.00,0.0,0.0,0.0,0.0,0,0,/results/ph5-ceiling-best-c192-saturate/bench.log,OK_PH5
ph5-ceiling-best-c256-saturate,ceiling best c=256 (saturate),8d2360fb4879,1.0,0.25,100,generate_multi_turn_saturated.json,256,0.5,0,0.00,0,0.0,0,0.00,0.00,0.0,0.0,0.0,0.0,0,0,/results/ph5-ceiling-best-c256-saturate/bench.log,OK_PH5
ph5-ceiling-best-c384-saturate,ceiling best c=384 (saturate),8d2360fb4879,1.0,0.25,100,generate_multi_turn_saturated.json,384,0.5,0,0.00,0,0.0,0,0.00,0.00,0.0,0.0,0.0,0.0,0,0,/results/ph5-ceiling-best-c384-saturate/bench.log,OK_PH5
ph5b-ceiling-best-c128,ceiling best c=128 (prefix=6K),8d2360fb4879,1.0,0.25,100,generate_multi_turn_ceiling.json,128,0.5,152,42.54,130,18.6,1042,71.21,78.66,71.7,22.3,6.0,94.0,860,2896,/results/ph5b-ceiling-best-c128/bench.log,OK_PH5B
ph5b-ceiling-best-c192,ceiling best c=192 (prefix=6K),8d2360fb4879,1.0,0.25,100,generate_multi_turn_ceiling.json,192,0.5,100,59.63,201,21.7,1263,25.19,90.19,33.9,59.6,6.5,93.5,843,7127,/results/ph5b-ceiling-best-c192/bench.log,OK_PH5B
ph5b-ceiling-best-c256,ceiling best c=256 (prefix=6K),8d2360fb4879,1.0,0.25,100,generate_multi_turn_ceiling.json,256,0.5,73,71.29,408,25.5,1655,3.25,92.14,8.3,84.5,7.2,92.8,818,8891,/results/ph5b-ceiling-best-c256/bench.log,OK_PH5B
ph5b-ceiling-best-c384,ceiling best c=384 (prefix=6K),8d2360fb4879,1.0,0.25,100,generate_multi_turn_ceiling.json,384,0.5,68,78.42,1582,27.1,2906,0.00,92.74,0.0,92.7,7.3,92.7,822,9725,/results/ph5b-ceiling-best-c384/bench.log,OK_PH5B
ph5b-ceiling-baseline-c128,ceiling baseline c=128 (prefix=6K),acc47dd9ee34,,,,generate_multi_turn_ceiling.json,128,0.5,259,25.16,595,51.7,3125,7.56,42.68,7.6,39.4,52.9,47.1,7031,5181,/results/ph5b-ceiling-baseline-c128/bench.log,OK_PH5B
ph5b-ceiling-baseline-c192,ceiling baseline c=192 (prefix=6K),acc47dd9ee34,,,,generate_multi_turn_ceiling.json,192,0.5,255,23.92,1974,83.0,6038,0.02,36.10,0.1,36.1,63.8,36.2,7858,4411,/results/ph5b-ceiling-baseline-c192/bench.log,OK_PH5B
ph5b-ceiling-baseline-c256,ceiling baseline c=256 (prefix=6K),acc47dd9ee34,,,,generate_multi_turn_ceiling.json,256,0.5,240,21.63,5287,92.3,9814,0.00,27.31,0.0,27.3,72.7,27.3,7684,2866,/results/ph5b-ceiling-baseline-c256/bench.log,OK_PH5B
